{
  "dependencies": [
    {
      "name": "discord_rpc",
      "type": "git",
      "dir": null,
      "ref": "master",
      "url": "https://github.com/Aidan63/linc_discord-rpc"
    },
    {
      "name": "flixel",
      "type": "haxelib",
      "version": null
    },
    {
      "name": "flixel-addons",
      "type": "haxelib",
      "version": null
    },
    {
      "name": "langhaxe",
      "type": "haxelib",
      "version": null
    },
    {
      "name": "sinlib",
      "type": "haxelib",
      "version": null
    },
    {
      "name": "thx.semver",
      "type": "haxelib",
      "version": null
    }
  ]
}